name,lastname,position,status,homepage,github,linkedin,twitter,facebook,scholar,email
Andrea,Bianchi,Associate Professor,current,/andrea,makinteract,,AndreaHCI,,wVDtZB0AAAAJ&hl,andrea@kaist.ac.kr
Kongpyung,Moon,Ph.D. student,current,https://www.kpmoon.com,Mjkp,jkpmoon,,,,jkpmoon@kaist.ac.kr
Myung Jin,Kim,Ph.D. student,current,https://sites.google.com/view/kimmj/home,,myung-jin-kim-044b63135,mjHCI,,ypCkHjEAAAAJ&hl,dkmj@kaist.ac.kr
Haeun,Lee,Master student,current,https://leehaeun.com,,,,,,chromium0624@kaist.ac.kr
Jaeseong,Yi,Master student,current,http://adobe.ly/3DLkkOh,,jaeseongyi,,,,jaeseongyi@kaist.ac.kr
Zofia,Marciniak,Intern 2022,current,,ZosiaZamoyska,zosia-marciniak-a2a7a9133,,,,zofia.marciniak@kaist.ac.kr
Nargiz,Askarbekkyzy,Intern 2022,current,,nargizas,nargiz-askarbekkyzy,,,,nargiz@kaist.ac.kr 

Seungwoo,Je,Ph.D. 2022,alumni,http://www.seungwooje.com,,seungwooje,,,yecBkvAAAAAJ&hl,jeboungho@gmail.com
Joongi,Shin,Ph.D. 2021,alumni,https://www.joongishin.com,,joongi-shin,,,l5RYWKAAAAAJ,joongishin@gmail.com
Yoonji,Kim,Ph.D. 2020,alumni,http://www.yoonji-kim.com,/yoonji-kim,yoonji-kim,,,,yoonji@kaist.ac.kr
Wooje,Chang,Master student,alumni,https://www.woojechang.com/,,wooje-chang,,,,wooje.chang@kaist.ac.kr
Hye-Young,Jo,Master 2022,alumni,https://www.hyeyoungjo.com,,hye-young-jo-2743b189,,,,hyeyoungjo@kaist.ac.kr
Neung,Ryu,Master 2021,alumni,http://www.neungryu.com,,,,,,ababc100564@gmail.com
Daye,Kang,Master 2021,alumni,https://www.dayekang.info,,,,,,dayekang@kaist.ac.kr
Hyein,Lee,Master 2020,alumni,http://hyein.me,,,,,,hyein.l@kaist.ac.kr
Youngkyung,Choi,Master 2020,alumni,,,,,,,youngkyung.che@gmail.com
Okyu,Choi,Master 2019,alumni,,,okyu-choi-692324a6,,,,okyu59@kaist.ac.kr
Minkyeong,Lee,Master 2019,alumni,,,,,,,minkyeong.lee@gmail.com
Takuya,Takahashi,Visiting student 2022,alumni,https://takuya-13068.github.io/portfolio,takuya-13068,,,,,takuya.egyzbob8416@gmail.com
Laurenz,Seidel,Visiting student 2021,alumni,,,,,,,Laurenz.Seidel@student.hpi.uni-potsdam.de
Minseo,Bang,Intern 2023,alumni,,,,,,,orca@kaist.ac.kr 
Jei,Kong,Intern 2022,alumni,,,,,,,kongj0531@kaist.ac.kr
Nishant,Nepal,Intern 2022,alumni,,NishantNepal1,nishant-nepal-b0060911a,,,,nepal@kaist.ac.kr
Yoosang,Yoon,Intern 2021,alumni,,,,,,,soulmilk98@kaist.ac.kr
Hyunseung,Lim,Intern 2020,alumni,,,,,people/임현승/100006569493290,,charlie9807@kaist.ac.kri
Edwin,Truman,Intern 2019,alumni,,,,,,,edwin.truman@kaist.ac.kr
WooJin,Lee,Intern 2019,alumni,http://www.littlefloor.me,,,,,,aerolane0302@gmail.com
Ramkrishna,Prasad,Intern 2019,alumni,,,,,ramkrishna.prasad.9,,rprasad@kaist.ac.kr
Jihoon,Suh,Intern 2015,alumni,https://www.jihoonsuh.com/,,jihoons,,,,jihoons@uw.edu
Wooshik,Kim,Intern 2015,alumni,,,,,,,briankim13@kaist.ac.kr  
Hoonjin,Jung,Master (on leave),alumni,https://davidhoonjin.github.io,,hoonjin-jung-470b74191,,,,davidhoonjin@gmail.com
Leila Hyelip,Lee,Alumna,alumni,,,,,,,hyelip.lee@kaist.ac.kr
Eunhee,Jung,Alumna,alumni,,,,,,,eunhee4526@kaist.ac.kr